wavelength,transmittance,absorption
2600,0.6889886300000001,37.253051028170894
2599,0.68944185,37.187292178100805
2598,0.6901063399999999,37.090957732344485
2597,0.69036807,37.053038883398045
2596,0.6907300399999999,37.00062117235101
2595,0.69112297,36.94375115683609
2594,0.69169748,36.86065865801527
2593,0.69196386,36.8221550161789
2592,0.69237892,36.76219009731144
2591,0.69242971,36.75485478773545
2590,0.69297189,36.67658433854879
2589,0.69357568,36.58949175676812
2588,0.69409394,36.51479674051544
2587,0.6942905899999999,36.48646885338248
2586,0.69495537,36.39076513066076
2585,0.69519639,36.35608977947248
2584,0.69544878,36.31979151903683
2583,0.69555675,36.30426749732906
2582,0.69567226,36.28766203562071
2581,0.69653827,36.163254111239326
2580,0.69713394,36.077772025566944
2579,0.69743468,36.03464184174537
2578,0.6977672300000001,35.986971321240176
2577,0.69790772,35.96683912635132
2576,0.6979704200000001,35.95785553412424
2575,0.6984435499999999,35.890091958527165
2574,0.6991097399999999,35.79475533627089
2573,0.69914761,35.789338593779334
2572,0.6994930600000001,35.739940629822705
2571,0.69978001,35.69892647609181
2570,0.70027992,35.62751381574304
2569,0.70069428,35.56836069042746
2568,0.7008787200000001,35.542041690123554
2567,0.7011982,35.49646929663045
2566,0.70129101,35.4832342571772
2565,0.70155284,35.44590579712939
2564,0.70170755,35.42385571979102
2563,0.70210005,35.36793637440098
2562,0.7025766099999999,35.3000830339341
2561,0.70281329,35.26640127739983
2560,0.7029769,35.243124688631106
2559,0.7032040700000001,35.21081448008429
2558,0.7033625600000001,35.188278754112915
2557,0.7036715499999999,35.144357998706795
2556,0.7043173699999999,35.05262147491492
2555,0.7045209800000001,35.02371681010115
2554,0.70492447,34.966461666097885
2553,0.70539721,34.89942163907291
2552,0.70571538,34.85432672493969
2551,0.70587491,34.83172384904725
2550,0.70599067,34.815325687366816
2549,0.70648415,34.74545116456602
2548,0.7065699999999999,34.73330017939598
2547,0.70681298,34.698917424568435
2546,0.7069201599999999,34.68375473266108
2545,0.7073519899999999,34.62268727638401
2544,0.70754285,34.59570859277277
2543,0.7080665899999999,34.52171360388703
2542,0.70833125,34.48434274725254
2541,0.7085968,34.44686025079
2540,0.7088999300000001,34.404090486570375
2539,0.70928388,34.34994376642404
2538,0.70946326,34.324656666855915
2537,0.70983653,34.272057489256376
2536,0.7098640399999999,34.268182024164
2535,0.70995639,34.25517333684284
2534,0.71012215,34.23182814908261
2533,0.7107373800000001,34.145228450032924
2532,0.71098523,34.110362295303794
2531,0.7114373500000001,34.046791873745114
2530,0.71139816,34.05230059203821
2529,0.71147966,34.040844935207595
2528,0.71153505,34.03306005432917
2527,0.71216356,33.944767485043016
2526,0.7124591800000001,33.903265970860666
2525,0.71287215,33.845318740927
2524,0.7131196599999999,33.81060465621069
2523,0.71323633,33.79424548625899
2522,0.71347786,33.760387267983695
2521,0.7140123800000001,33.68549778572959
2520,0.71441024,33.62979158159675
2519,0.7145866,33.60510853178742
2518,0.71488934,33.562751749689184
2517,0.71504061,33.541594069823226
2516,0.71530815,33.50418501119334
2515,0.7156725199999999,33.453259095069726
2514,0.71605919,33.39924478405037
2513,0.7163084399999999,33.36444226585666
2512,0.71668211,33.31228979235017
2511,0.7168823000000001,33.2843608064037
2510,0.71724746,33.23343654305235
2509,0.71755007,33.19125498110235
2508,0.71788925,33.14399697422088
2507,0.71818651,33.10259804353417
2506,0.7186572,33.03708082498616
2505,0.71916798,32.96603185066139
2504,0.71965208,32.89874059837413
2503,0.71997721,32.853572025077355
2502,0.7201541899999999,32.82899371216912
2501,0.7204432799999999,32.788858975033904
2500,0.7208694800000001,32.72971844367242
2499,0.72117498,32.68734804344629
2498,0.7217010500000001,32.614428400681064
2497,0.7218734499999999,32.59054324604312
2496,0.72230861,32.530279374163975
2495,0.722795,32.46296378308787
2494,0.72297921,32.437481242353265
2493,0.7236052599999999,32.350925627790964
2492,0.72409881,32.282741800812964
2491,0.7246329,32.209009719088016
2490,0.72498271,32.160747268769896
2489,0.7252876399999999,32.11869579822948
2488,0.72580411,32.04751215021982
2487,0.72634873,31.97250351331423
2486,0.72678489,31.912473243957724
2485,0.7271163900000001,31.86687179765531
2484,0.7276240900000001,31.797072403523863
2483,0.72805561,31.737784634017977
2482,0.72854698,31.670316675082248
2481,0.72910325,31.59399246292827
2480,0.72969706,31.51258172717148
2479,0.7301737199999999,31.447280054794906
2478,0.73039591,31.416854938846942
2477,0.73088323,31.350157207424367
2476,0.7314614500000001,31.271075984229544
2475,0.73207954,31.18661097218405
2474,0.73261563,31.11340938936754
2473,0.7331383300000001,31.042087730150293
2472,0.7337756400000001,30.95519646684084
2471,0.73419304,30.89832876701381
2470,0.73471491,30.827273256427567
2469,0.73541146,30.73251268803879
2468,0.7360182000000001,30.650043229812955
2467,0.73673367,30.55288225234496
2466,0.7373002200000001,30.47601156005736
2465,0.7377148800000001,30.41978704941696
2464,0.7383457400000001,30.334308170045155
2463,0.73905251,30.23863050778774
2462,0.73965176,30.15757981429039
2461,0.74019702,30.083888497712103
2460,0.7406995200000001,30.01602419987454
2459,0.74113913,29.95669115266368
2458,0.7416647199999999,29.885799777245197
2457,0.74227388,29.8036993407154
2456,0.74304435,29.69995456016361
2455,0.74382803,29.5945413339702
2454,0.74437888,29.520512645962487
2453,0.744841,29.458450619926023
2452,0.74534795,29.39041226552049
2451,0.74592528,29.312984465271875
2450,0.74649589,29.23651677112834
2449,0.7469967900000001,29.16943910473076
2448,0.74763717,29.083748553555928
2447,0.7481205400000001,29.019116425826272
2446,0.74853156,28.964191168268705
2445,0.7491510800000001,28.881460686017125
2444,0.7498503700000001,28.788159902254986
2443,0.75030686,28.727300946278817
2442,0.75068432,28.67700617932933
2441,0.7512444100000001,28.602423409218385
2440,0.75194004,28.509869225377816
2439,0.75265744,28.41450816517381
2438,0.75318465,28.344486212003243
2437,0.75350931,28.3013905318394
2436,0.75393059,28.245497091448502
2435,0.75438483,28.1852656560724
2434,0.7547805700000001,28.13282077374597
2433,0.75523592,28.07251017226344
2432,0.75578413,27.999948590561917
2431,0.7564111200000001,27.917024108960863
2430,0.75705268,27.83224374772225
2429,0.75772345,27.743680159934108
2428,0.75824859,27.674399196018044
2427,0.75852085,27.63849921072772
2426,0.75902011,27.57270065488344
2425,0.7597999299999999,27.4700130358124
2424,0.76029308,27.40512884595599
2423,0.76059086,27.365970038899984
2422,0.76122403,27.28275754824868
2421,0.7618802800000001,27.196584849990156
2420,0.76245226,27.121538229671355
2419,0.76290306,27.06243068833801
2418,0.76328858,27.011910164165865
2417,0.76385391,26.937872537745797
2416,0.76441839,26.864000882063777
2415,0.7650950799999999,26.77551652969635
2414,0.76568587,26.698328473582546
2413,0.76609364,26.645087128210008
2412,0.76650044,26.592000663259878
2411,0.7670292499999999,26.52303427488039
2410,0.7676216499999999,26.44583104521764
2409,0.7682661799999999,26.36190173407327
2408,0.7688691400000001,26.283449300760385
2407,0.7694461800000001,26.208426966969306
2406,0.7700166199999999,26.13431799517633
2405,0.77059371,26.059400929419496
2404,0.77120007,25.98074449181704
2403,0.77174513,25.910092595343585
2402,0.77226631,25.84258273028788
2401,0.7728561500000001,25.766234085578887
2400,0.7735861800000001,25.671819953209752
2399,0.7743133799999999,25.577860361477597
2398,0.77500806,25.48818496828697
2397,0.77559171,25.412904416998902
2396,0.77611975,25.344845369425407
2395,0.77673663,25.26539436025348
2394,0.77742265,25.17711254083081
2393,0.77810812,25.08897927370557
2392,0.77887461,24.99052088400718
2391,0.77966302,24.88934782894899
2390,0.7802564099999999,24.81326825493899
2389,0.78071496,24.754516374923384
2388,0.78135264,24.6728707361017
2387,0.78201904,24.58761909071425
2386,0.78260847,24.51227463663599
2385,0.7831659999999999,24.44106003526845
2384,0.78361277,24.38402964646515
2383,0.78422021,24.30654179691193
2382,0.78491005,24.21861537524655
2381,0.78568899,24.119425188059807
2380,0.78640365,24.028506875608574
2379,0.7869987,23.952868240853768
2378,0.78739511,23.902511080420467
2377,0.78777551,23.85421154987245
2376,0.78840374,23.77449599299428
2375,0.78926629,23.66515119090778
2374,0.7898971400000001,23.585254452980077
2373,0.79039575,23.52215095872268
2372,0.79086528,23.462764177553534
2371,0.79135734,23.40056559567971
2370,0.79184691,23.33872013062308
2369,0.79234643,23.275657118812315
2368,0.79286793,23.20986159841174
2367,0.79324929,23.16177435712339
2366,0.79381879,23.090006796346312
2365,0.7944404500000001,23.011724861497125
2364,0.7948092200000001,22.965316796914227
2363,0.79506433,22.933224936251555
2362,0.79539717,22.891370417313635
2361,0.795844,22.835209224382147
2360,0.79634057,22.772833288142504
2359,0.7967448899999999,22.72207392603257
2358,0.79717637,22.667933232716305
2357,0.7976305100000001,22.6109808809337
2356,0.79796196,22.569435184147174
2355,0.79820254,22.53929042127069
2354,0.79854677,22.49617407192557
2353,0.79907387,22.430188442305084
2352,0.79954583,22.371142502396783
2351,0.79987573,22.32989008803288
2350,0.8002327,22.285271861014085
2349,0.80072881,22.22329535342397
2348,0.80105024,22.18316122826925
2347,0.80139585,22.140025923123492
2346,0.8017907099999999,22.09076652713851
2345,0.80191154,22.075697645090276
2344,0.80215142,22.04578859441458
2343,0.80239184,22.01582118776464
2342,0.80274225,21.972160037241498
2341,0.80311109,21.926223089290065
2340,0.8032503400000001,21.908885770583545
2339,0.8033162199999999,21.900684429702057
2338,0.80356107,21.87020917145815
2337,0.80394819,21.822045217804344
2336,0.8041611000000001,21.795565674085747
2335,0.8044584,21.7586023022772
2334,0.80451428,21.751656255185523
2333,0.80458902,21.742366609200246
2332,0.8047584799999999,21.721307142475226
2331,0.8050674800000001,21.68291789898272
2330,0.80513238,21.674856787856417
2329,0.8053819900000001,21.643859237428007
2328,0.8054729500000001,21.63256585553024
2327,0.80561537,21.614885881241683
2326,0.80587521,21.582637476506765
2325,0.8060104800000001,21.56585340786506
2324,0.80605294,21.56058562503679
2323,0.8062185599999999,21.54004069813305
2322,0.80645771,21.51038192455252
2321,0.80637677,21.520418912361457
2320,0.80651538,21.503231154290805
2319,0.80664003,21.487776970586577
2318,0.80680722,21.46705240080613
2317,0.8069954799999999,21.44372117191999
2316,0.80701437,21.44138041792757
2315,0.80708155,21.43305625339603
2314,0.8071245,21.427734751842973
2313,0.80727564,21.409010769269297
2312,0.80742818,21.39011690172969
2311,0.80761561,21.366906385457384
2310,0.8077360899999999,21.35198951005208
2309,0.80788329,21.33376739632533
2308,0.8077773,21.34688772627682
2307,0.80778469,21.34597287434966
2306,0.8077418799999999,21.35127269433468
2305,0.8076571199999999,21.36176669613582
2304,0.80781643,21.34204368667936
2303,0.80775745,21.34934511693351
2302,0.80783659,21.33954810133381
2301,0.80791188,21.330228581439165
2300,0.8079544300000001,21.324962056634902
2299,0.80781879,21.34175154152545
2298,0.80800043,21.319268828296547
2297,0.8079640100000001,21.32377635322774
2296,0.8078517,21.33767769104565
2295,0.80775491,21.349659568257174
2294,0.8078705700000001,21.33534189356964
2293,0.80798603,21.32105102144689
2292,0.80794701,21.325880429478257
2291,0.8079533499999999,21.32509572762945
2290,0.80778593,21.345819368215707
2289,0.8077129399999999,21.354855586241623
2288,0.80759983,21.36886030437244
2287,0.80747919,21.383799511523357
2286,0.8073937999999999,21.3943749562312
2285,0.80734161,21.400839173179044
2284,0.80743583,21.3891694535294
2283,0.8075662800000001,21.373014675838885
2282,0.80743433,21.389355226978825
2281,0.8075248899999999,21.378140083094895
2280,0.80728932,21.40731619514695
2279,0.8071369799999999,21.42618853394027
2278,0.80695881,21.44826529070122
2277,0.80691651,21.45350733133293
2276,0.80687075,21.459178462980383
2275,0.80688793,21.45704927226388
2274,0.80676952,21.471725249524415
2273,0.8064619999999999,21.50984996998921
2272,0.80651363,21.503448137369123
2271,0.8065637800000001,21.49723020886732
2270,0.8065994999999999,21.49280164290025
2269,0.80647159,21.50866083237565
2268,0.80633123,21.52606655595374
2267,0.80630126,21.529783459859523
2266,0.80608572,21.556518977319964
2265,0.80609901,21.554870282880312
2264,0.80610153,21.55455766668431
2263,0.80590852,21.57850416762855
2262,0.80585348,21.585333960119183
2261,0.80567404,21.607603514751624
2260,0.80519853,21.666641085155018
2259,0.8056095000000001,21.615614519448464
2258,0.8055149699999999,21.627349180782065
2257,0.8053744899999999,21.64479047689137
2256,0.80532663,21.65073323056798
2255,0.8052128500000001,21.664862657583235
2254,0.8052526400000001,21.65992122912604
2253,0.80496121,21.69611890599762
2252,0.80484828,21.710149137635185
2251,0.8046980600000001,21.728815266929235
2250,0.8046551200000001,21.734151572290155
2249,0.80446055,21.758335042077416
2248,0.8044839500000001,21.755426302838536
2247,0.8046956299999999,21.729117244004865
2246,0.80453367,21.74924613434346
2245,0.8043423300000001,21.773031684118827
2244,0.80437553,21.768904173530416
2243,0.8042322,21.78672455294377
2242,0.8042079599999999,21.78973865326341
2241,0.80407605,21.806142472424145
2240,0.80396765,21.819624693108096
2239,0.8039821899999999,21.817816178981776
2238,0.80426954,21.782081723025957
2237,0.80408919,21.80450831199418
2236,0.80401629,21.81357488143961
2235,0.80416276,21.79535924799941
2234,0.80407872,21.80581041483245
2233,0.8040726600000001,21.806564075224788
2232,0.80413026,21.79940080007982
2231,0.8046660400000001,21.732794478346246
2230,0.8043731099999999,21.76920502848561
2229,0.8047153,21.726672871391948
2228,0.80469486,21.72921293240425
2227,0.8046756899999999,21.73159523025368
2226,0.80486693,21.70783195756693
2225,0.80514114,21.67376877393936
2224,0.80551897,21.626852605272298
2223,0.80565175,21.6103701805792
2222,0.80575639,21.59738278185015
2221,0.8061017300000001,21.55453285591695
2220,0.8063884,21.518976668913176
2219,0.80654172,21.499965305858986
2218,0.80718013,21.420842620210795
2217,0.80771373,21.35475777926409
2216,0.8076465500000001,21.36307542838181
2215,0.8082165,21.292531080748358
2214,0.8083103300000001,21.28092224155508
2213,0.80876958,21.22412232591616
2212,0.8092502500000001,21.16470772478112
2211,0.8097962599999999,21.09725938190436
2210,0.810182,21.04963651969505
2209,0.81070144,20.985543074729996
2208,0.8113258799999999,20.908548066921064
2207,0.81206386,20.81762965926432
2206,0.8125525899999999,20.75746407190456
2205,0.81295866,20.707501943565287
2204,0.8133635300000001,20.65771230030106
2203,0.8140030199999999,20.579120291276908
2202,0.81489682,20.469377498288
2201,0.81550381,20.3949184951602
2200,0.81611623,20.31984954359719
2199,0.81675191,20.241988996680785
2198,0.81754277,20.145205953645625
2197,0.81795281,20.0950633530045
2196,0.81848777,20.029682424959265
2195,0.81938932,19.91959478815726
2194,0.82009959,19.832949487892837
2193,0.8207437299999999,19.75443619838643
2192,0.82149504,19.66293792588906
2191,0.82188136,19.615922524290717
2190,0.82285389,19.497662748032702
2189,0.8233837900000001,19.433285650516492
2188,0.82387568,19.37356342416677
2187,0.82462064,19.28318287048608
2186,0.825283,19.202892116586884
2185,0.82591161,19.126752087233385
2184,0.82690866,19.00610374584509
2183,0.82727933,18.961287798873546
2182,0.82790848,18.885266210688908
2181,0.82862185,18.79913799061598
2180,0.8294107099999999,18.703981830410783
2179,0.82995851,18.637956739274
2178,0.83060986,18.559507691927056
2177,0.83104377,18.50728140336382
2176,0.8316406999999999,18.435478239694827
2175,0.83212546,18.377205625985997
2174,0.83253129,18.328447224827297
2173,0.8331123100000001,18.2586819973121
2172,0.8336021100000001,18.19990767962188
2171,0.83408721,18.14173137449549
2170,0.83495962,18.03719145820664
2169,0.8350464700000001,18.02679029852244
2168,0.83525222,18.002153986194312
2167,0.83561495,17.958735812420713
2166,0.8360566,17.90589648399214
2165,0.8363748599999999,17.867836926820015
2164,0.83643309,17.860874979990008
2163,0.83684204,17.81199479276791
2162,0.83697838,17.795703917274636
2161,0.83753387,17.729357430961795
2160,0.8377163299999999,17.707574416016165
2159,0.83782062,17.69512586928196
2158,0.8380152,17.671904023973227
2157,0.8380545100000001,17.667213288286902
2156,0.8384127800000001,17.62447222109268
2155,0.8386482100000001,17.596395722628944
2154,0.83880201,17.578058367684267
2153,0.83887605,17.569231882816478
2152,0.83937559,17.509700880093572
2151,0.8393292099999999,17.515226568709203
2150,0.83930519,17.518088418794193
2149,0.83931145,17.517342566542908
2148,0.8393768300000001,17.509553151341514
2147,0.83959761,17.48325376333267
2146,0.8395738500000001,17.48608373044056
2145,0.8398071899999999,17.458294920641748
2144,0.83997874,17.437869698887877
2143,0.8401342599999999,17.419356658343084
2142,0.84022193,17.40892196591283
2141,0.8401533000000001,17.417090379587677
2140,0.84035611,17.39295365059614
2139,0.84058847,17.365307289824386
2138,0.8405655,17.368039936614792
2137,0.8406709600000001,17.35549440805322
2136,0.84074539,17.346641157631506
2135,0.84077634,17.342959968212266
2134,0.84098361,17.318310790302014
2133,0.84095422,17.32180556870331
2132,0.84090967,17.327103262562513
2131,0.84089009,17.329431720499848
2130,0.84105571,17.309737863476006
2129,0.84121945,17.290271369003477
2128,0.84140139,17.26864558185239
2127,0.84147338,17.26008998385695
2126,0.8414926699999999,17.25779760249837
2125,0.8418195799999999,17.21895632345345
2124,0.84183122,17.217573613927193
2123,0.8421387300000001,17.181051584134654
2122,0.84239177,17.151008791569826
2121,0.8426057299999999,17.125612908056656
2120,0.84292297,17.087970119328567
2119,0.84306471,17.07115623604635
2118,0.84335675,17.036521951575228
2117,0.8436326099999999,17.003817536360813
2116,0.84393619,16.967839150972935
2115,0.84448325,16.903037715241584
2114,0.84487432,16.856739641473165
2113,0.84517838,16.820757331184183
2112,0.84563878,16.7662984550537
2111,0.84632876,16.684738966241333
2110,0.84692861,16.613887359660882
2109,0.84746548,16.55051721205062
2108,0.84795124,16.493214484342236
2107,0.84867708,16.407651838036525
2106,0.84940612,16.32178560429797
2105,0.84983077,16.271804343728686
2104,0.85049217,16.194007353780563
2103,0.8510615199999999,16.12708615998053
2102,0.85172045,16.049691632143105
2101,0.85247884,15.96068912468837
2100,0.8530212,15.89708783409178
2099,0.85358661,15.830826562184532
2098,0.8540193600000001,15.780141566129569
2097,0.85461747,15.710131366896087
2096,0.85548203,15.609019113058425
2095,0.8559114800000001,15.55883194026565
2094,0.85629429,15.514116519597671
2093,0.85685284,15.448909041499595
2092,0.8574948299999999,15.374012911473653
2091,0.8580573,15.308439850729128
2090,0.8585623,15.249603284425428
2089,0.8591829799999999,15.177336454850742
2088,0.85978466,15.10733164375703
2087,0.86027039,15.050853217335543
2086,0.8608345900000001,14.985290683176837
2085,0.86123284,14.939038138106666
2084,0.86193743,14.85725979599688
2083,0.8625091,14.7909579407643
2082,0.86305844,14.727287292606622
2081,0.8637365300000001,14.648749881201653
2080,0.86417729,14.597733446879763
2079,0.86470828,14.5363077486254
2078,0.86525803,14.472751595499451
2077,0.8660061299999999,14.386329192281464
2076,0.86659351,14.318525874198931
2075,0.86707252,14.263266094760391
2074,0.8675703300000001,14.205869840117394
2073,0.86812941,14.141448557282466
2072,0.86865733,14.080655829643506
2071,0.8694370100000001,13.990939174528272
2070,0.8702052100000001,13.902622158408448
2069,0.8706919200000001,13.84670730803694
2068,0.8711517999999999,13.793903488106949
2067,0.87167021,13.734412614992536
2066,0.8720811999999999,13.687274014243222
2065,0.8724646799999999,13.643310710030612
2064,0.8728768499999999,13.596079838527528
2063,0.87333391,13.543731058997864
2062,0.8739613199999999,13.471916059884649
2061,0.87443801,13.417387325672472
2060,0.87488752,13.365994945902692
2059,0.87555657,13.289551483766123
2058,0.8759507999999999,13.244535400658538
2057,0.8762465899999999,13.210773222436172
2056,0.87646761,13.185552909715303
2055,0.87687605,13.138963069205872
2054,0.87705685,13.118346544977337
2053,0.87732985,13.087224557766252
2052,0.8778234399999999,13.030979896308558
2051,0.87831907,12.974534589582357
2050,0.87863271,12.938831844987783
2049,0.87874365,12.92620620569133
2048,0.8790932300000001,12.88643232125575
2047,0.8795459800000001,12.834943646668275
2046,0.8796307,12.825311868231395
2045,0.87986661,12.79849625446798
2044,0.88041697,12.735965418620154
2043,0.8807001,12.703811962468675
2042,0.8809253699999999,12.678236719028558
2041,0.8813118799999999,12.634370888114162
2040,0.88143261,12.620672930086362
2039,0.88169748,12.590627500824516
2038,0.88183004,12.57559399567688
2037,0.8819585,12.561027623652812
2036,0.8821810800000001,12.535793792531452
2035,0.8823222300000001,12.519794955974875
2034,0.88250034,12.499610490563764
2033,0.8828076699999999,12.464791637268595
2032,0.88316552,12.424264407645358
2031,0.88332905,12.40574977383394
2030,0.88360984,12.373967123743116
2029,0.88371111,12.36250683973405
2028,0.88376037,12.356932775250396
2027,0.88403547,12.3258092715068
2026,0.88421982,12.304958209817867
2025,0.8844540399999999,12.27847282925493
2024,0.88456822,12.265564003544773
2023,0.88456179,12.266290914508206
2022,0.88476348,12.243492393027342
2021,0.88477052,12.242696703314683
2020,0.8848369700000001,12.235186563308297
2019,0.88508516,12.20714126149304
2018,0.88520089,12.194066538324448
2017,0.8854894600000001,12.161472470981757
2016,0.88574383,12.132750110896858
2015,0.88581424,12.124801175862846
2014,0.8859360100000001,12.11105544615948
2013,0.88602553,12.10095138937775
2012,0.88633184,12.066386125257258
2011,0.8866915,12.025815874790826
2010,0.8867220899999999,12.022366030921864
2009,0.88670439,12.024362166673766
2008,0.8868517,12.007750343549665
2007,0.8870387200000001,11.986664486319208
2006,0.88708108,11.981889160548317
2005,0.8871410000000001,11.975134650986256
2004,0.8871595499999999,11.973043686183194
2003,0.88733782,11.952951235936297
2002,0.8875541,11.928580174393522
2001,0.88767326,11.915155415079427
2000,0.8879962299999999,11.878778149447468
1999,0.8882749,11.847401182544187
1998,0.88834294,11.839741684986365
1997,0.88842489,11.830517069516135
1996,0.88855585,11.815777461225604
1995,0.8887287899999999,11.796316312836256
1994,0.88898297,11.76772000071733
1993,0.88911231,11.75317184891884
1992,0.88929379,11.732762562127718
1991,0.8895066300000001,11.708831827839289
1990,0.88965328,11.69234651929476
1989,0.88959841,11.698514280756031
1988,0.88964738,11.69300970119905
1987,0.8898472,11.670551638883422
1986,0.88997102,11.656637858385125
1985,0.89026048,11.62411849193745
1984,0.89044282,11.60363894313926
1983,0.8904329400000001,11.604748509592117
1982,0.8905717900000001,11.589156187130252
1981,0.89066485,11.578707266644926
1980,0.89073807,11.570486779385218
1979,0.89097449,11.543948267315969
1978,0.8911955399999999,11.519141430997042
1977,0.8912937700000001,11.508119766008807
1976,0.89138347,11.498056250520658
1975,0.8916430599999999,11.468938343695784
1974,0.8918448600000001,11.4463085295436
1973,0.8918944799999999,11.440744936377271
1972,0.8920322500000001,11.425299234717311
1971,0.89217369,11.409444562661214
1970,0.89230966,11.394205417923535
1969,0.89233682,11.391161677854395
1968,0.89250596,11.372208747949127
1967,0.89272541,11.347623699221764
1966,0.8927634799999999,11.343359320964485
1965,0.89307965,11.30795083541588
1964,0.8930587,11.310296678334597
1963,0.89311361,11.304148335343283
1962,0.89345413,11.266028313751102
1961,0.8935902,11.250799816284225
1960,0.89370515,11.237936805125107
1959,0.89395217,11.210300635842698
1958,0.89405579,11.198710083402878
1957,0.89399323,11.205707654423115
1956,0.89415594,11.187508948948327
1955,0.8944927,11.1498537050454
1954,0.8946079,11.136975726002838
1953,0.89487122,11.10754593283481
1952,0.89488067,11.106489920540264
1951,0.89495222,11.098494760719724
1950,0.8950237,11.090508061095518
1949,0.8952009400000001,11.070707194029003
1948,0.89530553,11.059024466055517
1947,0.8953812600000001,11.050566258794692
1946,0.8955292199999999,11.034042819796616
1945,0.8956378599999999,11.021912181471883
1944,0.89582081,11.00148748469268
1943,0.89582022,11.001553346100206
1942,0.89576645,11.007555846667604
1941,0.8959475600000001,10.987339450567992
1940,0.8962193,10.957014149040829
1939,0.89674656,10.898199865181711
1938,0.8968744100000001,10.883943787408862
1937,0.8968517,10.886475946569025
1936,0.8970311700000001,10.866466836319944
1935,0.8969836499999999,10.871764451421171
1934,0.89694588,10.875975319169752
1933,0.8975279899999999,10.811097247646952
1932,0.89726693,10.84018803667604
1931,0.89761315,10.80160941427649
1930,0.8977619,10.785039060317256
1929,0.89756645,10.806812236323989
1928,0.8976451900000001,10.798040011557156
1927,0.8977262899999999,10.789005669532852
1926,0.89765349,10.797115374326316
1925,0.8977503400000001,10.78632671514272
1924,0.8978625800000001,10.773825134329169
1923,0.8981045299999999,10.746881433621471
1922,0.89832877,10.72191640974168
1921,0.8985394999999999,10.698461156567664
1920,0.89855079,10.697204681023493
1919,0.89875088,10.674939080966867
1918,0.8986929499999999,10.681384901309434
1917,0.89891642,10.656521879912152
1916,0.89928619,10.615395256787984
1915,0.89947264,10.594664295242923
1914,0.899719,10.56727866315543
1913,0.8996734700000001,10.5723392600812
1912,0.89922544,10.62215084279696
1911,0.89944119,10.59816084960576
1910,0.89946707,10.595283548903186
1909,0.89978002,10.56049677560282
1908,0.89998404,10.537824914839709
1907,0.9006575499999999,10.463017131308606
1906,0.9006584700000001,10.462914983768698
1905,0.90059713,10.469725788412283
1904,0.9004428299999999,10.48686033332017
1903,0.9002409299999999,10.50928514830779
1902,0.90037931,10.49391488897176
1901,0.90057164,10.472556172818924
1900,0.90097387,10.42790229042174
1899,0.9010827,10.415823868251858
1898,0.90106187,10.418135558484446
1897,0.90118477,10.404497025615225
1896,0.90111072,10.41271432410513
1895,0.90132217,10.389251591912084
1894,0.90195665,10.318881994138808
1893,0.90205815,10.307629314825192
1892,0.90213529,10.299078125320046
1891,0.90173114,10.343887430492634
1890,0.90175378,10.341376735809236
1889,0.90167569,10.35003690260231
1888,0.90175168,10.341609615614324
1887,0.90234886,10.275407094350076
1886,0.90200016,10.314058153593706
1885,0.90214445,10.298062761704628
1884,0.90245059,10.2641338196261
1883,0.90264225,10.242898346693831
1882,0.90286895,10.217786345041183
1881,0.90268757,10.237877657453852
1880,0.90312664,10.189249176603385
1879,0.9026134,10.246094569899384
1878,0.90337356,10.161912340267827
1877,0.90356381,10.140854609782908
1876,0.90364784,10.131555200932752
1875,0.90366593,10.12955333492577
1874,0.90365175,10.131122511187051
1873,0.90357806,10.139277533822591
1872,0.90370324,10.12542468200586
1871,0.90372331,10.123203844871332
1870,0.90372638,10.122864139703672
1869,0.90376373,10.118731337006858
1868,0.9037322,10.122220141543552
1867,0.9040127,10.091187001607588
1866,0.90419309,10.071234626540978
1865,0.90392626,10.100749271349898
1864,0.90453487,10.033442320387
1863,0.90476545,10.007954014360692
1862,0.90478886,10.005366636919518
1861,0.90491211,9.991745602037652
1860,0.90511471,9.969359193327309
1859,0.90502234,9.97956505040096
1858,0.90523562,9.956001557716544
1857,0.90496064,9.986382794070996
1856,0.90532972,9.94560701431004
1855,0.90527079,9.952116456861871
1854,0.90564249,9.911065346427698
1853,0.90564377,9.91092401040278
1852,0.90574098,9.900190785438468
1851,0.90547153,9.929944334566494
1850,0.90571832,9.902692635742389
1849,0.9062285,9.846379723260537
1848,0.9061351,9.856686705819952
1847,0.90620861,9.848574558037532
1846,0.90594174,9.87802796425511
1845,0.90602668,9.868652524912491
1844,0.90581279,9.892262784489589
1843,0.90613775,9.85639425537575
1842,0.90684463,9.778414453297351
1841,0.90709561,9.750742097167077
1840,0.90669865,9.794513324708369
1839,0.90623599,9.845553224309372
1838,0.90658973,9.806526857837728
1837,0.90687631,9.77492108237082
1836,0.90679775,9.783584160459831
1835,0.90708137,9.752311955031807
1834,0.9069875,9.762661065987404
1833,0.90720223,9.73898878987958
1832,0.90657185,9.80849910346634
1831,0.90700143,9.761125224200295
1830,0.90791911,9.659999025231215
1829,0.90794783,9.65683579786366
1828,0.90802557,9.648273998439995
1827,0.90801897,9.649000852859546
1826,0.90821908,9.6269651950547
1825,0.90787982,9.664326596897554
1824,0.90822855,9.625922500528995
1823,0.90818967,9.630203452963606
1822,0.90868512,9.575664745617605
1821,0.9087478,9.568767104517878
1820,0.90883563,9.559102623799282
1819,0.90844728,9.601842254901795
1818,0.90861769,9.583085633282542
1817,0.90850919,9.595027562194934
1816,0.90878699,9.5644546698705
1815,0.90884298,9.558293899973236
1814,0.90905675,9.53477555102829
1813,0.90919539,9.519525740815634
1812,0.90932446,9.505330679902036
1811,0.90917665,9.52158692517048
1810,0.90928658,9.509496496469996
1809,0.9091165,9.528203020052867
1808,0.9096302,9.471713568975328
1807,0.90977588,9.455699551883413
1806,0.90990611,9.441386061840864
1805,0.90986022,9.446429566520898
1804,0.90996945,9.434425146334585
1803,0.91010318,9.419730128340635
1802,0.91029542,9.398609479191082
1801,0.90995357,9.436170275092872
1800,0.91046016,9.380513694972814
1799,0.91042897,9.38393949388491
1798,0.91056504,9.368994908729103
1797,0.91066263,9.358277961946346
1796,0.91083946,9.33886211811875
1795,0.91063345,9.361482273460876
1794,0.91060108,9.36503700509705
1793,0.91084156,9.338631561838373
1792,0.91095897,9.32574211557583
1791,0.91097078,9.32444568798303
1790,0.91126169,9.292516720931811
1789,0.91155852,9.259948505921331
1788,0.91151222,9.265027848043822
1787,0.9117966,9.23383400976624
1786,0.91192219,9.220061053004793
1785,0.91188396,9.224253384520466
1784,0.91188833,9.223774158026671
1783,0.91170241,9.244164698137016
1782,0.91180303,9.23312881111471
1781,0.91178712,9.234873720737117
1780,0.91216931,9.19296592082399
1779,0.91238435,9.169394128367568
1778,0.91230606,9.177975310097796
1777,0.91243979,9.16331792641453
1776,0.91229541,9.179142688308888
1775,0.91244099,9.16318641097383
1774,0.91260964,9.144704731867751
1773,0.91271402,9.133267856052129
1772,0.91265378,9.139868169700897
1771,0.91263064,9.14240366496373
1770,0.91285895,9.11739010121174
1769,0.91303543,9.09805930064816
1768,0.9130357,9.098029728963317
1767,0.91318143,9.08206996186711
1766,0.91353785,9.043046997755969
1765,0.91354039,9.042768958212353
1764,0.91354777,9.041961115420568
1763,0.91359813,9.03644869301218
1762,0.91361667,9.034419374948351
1761,0.91359852,9.036406004667707
1760,0.91355427,9.041249606171728
1759,0.91358568,9.03781144589254
1758,0.91373665,9.021287814799663
1757,0.91394895,8.99805624795306
1756,0.91383654,9.010356378439576
1755,0.91412186,8.979139037572613
1754,0.91420607,8.96992734215651
1753,0.91429698,8.959983689060078
1752,0.91456561,8.930606960223193
1751,0.91463422,8.923105319461264
1750,0.91475929,8.909431935412274
1749,0.91464143,8.922317029298414
1748,0.9147657,8.908731207077315
1747,0.91484615,8.899936992058214
1746,0.91483464,8.901195135015504
1745,0.91498805,8.884427390118926
1744,0.91506808,8.875681210289892
1743,0.91524573,8.856269238464375
1742,0.91515984,8.865654043828911
1741,0.9150356,8.879230735965239
1740,0.91510707,8.871420415905732
1739,0.91515611,8.866061623733353
1738,0.91527242,8.853353124248105
1737,0.91529525,8.850858816020612
1736,0.91529676,8.85069384206775
1735,0.91547353,8.831382844777165
1734,0.91556442,8.821455142287467
1733,0.91563935,8.813271454456622
1732,0.91585357,8.789878516527391
1731,0.91591049,8.783663742336621
1730,0.91587931,8.78706806307288
1729,0.91578356,8.79752304380711
1728,0.91593268,8.781241045856442
1727,0.91595776,8.778502890838658
1726,0.91598912,8.775079210780522
1725,0.91603125,8.770479916941063
1724,0.91605951,8.767394916937873
1723,0.91633046,8.737821517562123
1722,0.91626902,8.744526747012804
1721,0.9163796,8.732458967196477
1720,0.91658077,8.710508683480557
1719,0.91671701,8.695645849767782
1718,0.91674489,8.69260460849605
1717,0.91681858,8.684566708391092
1716,0.91688549,8.677268911421091
1715,0.91688879,8.676908997986159
1714,0.9169605,8.669088289880259
1713,0.91710348,8.653496685459821
1712,0.91726358,8.63604107323283
1711,0.91731617,8.630307880111703
1710,0.91743475,8.617381874856973
1709,0.91755813,8.603934411214942
1708,0.91750323,8.609917862364124
1707,0.91770437,8.587997726374546
1706,0.91792893,8.56353096592514
1705,0.91780316,8.577233401142353
1704,0.91784428,8.572753238000896
1703,0.9178729,8.569635110621139
1702,0.91799432,8.556407574462291
1701,0.91800214,8.555555720967961
1700,0.9179989,8.555908661944503
1699,0.91802768,8.552773631077761
1698,0.91812455,8.542222218345506
1697,0.91816065,8.538290367236046
1696,0.91820327,8.533648585773932
1695,0.91829846,8.523282137593645
1694,0.91835357,8.517281000838679
1693,0.91857672,8.492985032470981
1692,0.91874834,8.474303525944391
1691,0.91870288,8.479251684514754
1690,0.91873983,8.475229790411193
1689,0.91896088,8.451172554119841
1688,0.91906408,8.439943109215207
1687,0.91911366,8.434548636315963
1686,0.91903572,8.443028904665727
1685,0.91898288,8.448778574447589
1684,0.91898694,8.448336782644928
1683,0.9191394,8.431748151381472
1682,0.91924381,8.420389257376742
1681,0.91938737,8.40477329242919
1680,0.91938434,8.405102860257925
1679,0.91942365,8.400827264304494
1678,0.91957443,8.384429204733069
1677,0.91962781,8.378624514106432
1676,0.9196964,8.371166340103306
1675,0.91981225,8.35857058523657
1674,0.91984984,8.354483965176344
1673,0.91994767,8.343849099158696
1672,0.92006814,8.33075464643525
1671,0.92011195,8.325993155943497
1670,0.92018365,8.318200929516797
1669,0.92021802,8.314465875309425
1668,0.92013974,8.322972916901934
1667,0.92006053,8.331581762508616
1666,0.91999414,8.33879785245542
1665,0.92001962,8.336028307949226
1664,0.92014219,8.322706653351775
1663,0.92024485,8.311550304401772
1662,0.9202102,8.315315677536434
1661,0.92025524,8.310421263435504
1660,0.92046874,8.28722386901058
1659,0.92055241,8.278134348223968
1658,0.92041412,8.293157978258156
1657,0.92057867,8.275281753937001
1656,0.92066642,8.265750160284101
1655,0.92073036,8.258805432160305
1654,0.92092772,8.23737257196776
1653,0.92090126,8.240245802901708
1652,0.92089855,8.240540080269449
1651,0.92094539,8.235453873018894
1650,0.92120573,8.207189090731848
1649,0.92135927,8.190523192882342
1648,0.92134718,8.191835393205956
1647,0.9212389,8.203588439785426
1646,0.92141732,8.184222917489834
1645,0.92158139,8.166418238675556
1644,0.92152073,8.17300061947407
1643,0.92140641,8.185406969965673
1642,0.92132534,8.194205863244871
1641,0.92145741,8.179872106297553
1640,0.92162917,8.161233806571333
1639,0.92169142,8.15447969116011
1638,0.92145647,8.179974118660722
1637,0.92156695,8.167985122868973
1636,0.92194112,8.127391863612118
1635,0.92204757,8.115846239639964
1634,0.92189274,8.132639624927355
1633,0.9216037,8.16399742916249
1632,0.92157094,8.167552165571342
1631,0.92184028,8.138330253607878
1630,0.92204274,8.116370075156464
1629,0.92220861,8.098382288356444
1628,0.92228939,8.089623265570662
1627,0.92217265,8.102281699046033
1626,0.92222431,8.096679868080791
1625,0.92228682,8.089901920362585
1624,0.92220845,8.098399638011628
1623,0.92224698,8.094221711087615
1622,0.92228518,8.090079739390537
1621,0.92227051,8.091670366345282
1620,0.92239447,8.078230527509449
1619,0.92253293,8.063220722759407
1618,0.92267872,8.047418741419945
1617,0.92278056,8.036381922433236
1616,0.92259599,8.056385428017569
1615,0.92262132,8.05363995193035
1614,0.92275963,8.038650093033295
1613,0.92277934,8.03651413163436
1612,0.92273365,8.04146560044081
1611,0.92254131,8.062312358226597
1610,0.92260179,8.05575676912117
1609,0.92264789,8.050760155328554
1608,0.92264018,8.051595797212919
1607,0.92262865,8.052845479623693
1606,0.92272381,8.042532002697532
1605,0.92287464,8.02618716882147
1604,0.92294218,8.018868999510365
1603,0.9230505,8.007133308323956
1602,0.92313362,7.99812878931031
1601,0.92319056,7.99196085838736
1600,0.92320654,7.990229919793444
1599,0.92325496,7.984985293787321
1598,0.92322066,7.988700479585861
1597,0.92324457,7.986110666399805
1596,0.92315344,7.99598177756656
1595,0.92293612,8.01952559751037
1594,0.92306159,8.005931864483118
1593,0.9233026,7.979825422138306
1592,0.92333103,7.976746305681165
1591,0.92325112,7.985401214432421
1590,0.92366078,7.941039595806405
1589,0.92376472,7.929787179932564
1588,0.92368638,7.938268053937512
1587,0.92367111,7.9399212261127
1586,0.92354693,7.953366309205002
1585,0.92345547,7.963269923848361
1584,0.92361534,7.945959271811227
1583,0.92365184,7.942007488290151
1582,0.92379719,7.926272277419426
1581,0.9239532,7.909385797382389
1580,0.92379373,7.926646819203811
1579,0.92405951,7.897880465244579
1578,0.92429318,7.872596329537251
1577,0.92398325,7.90613352103894
1576,0.92416275,7.886708648700455
1575,0.92426443,7.875706862835939
1574,0.92413947,7.889227717254221
1573,0.92388266,7.917020674652746
1572,0.92412761,7.890511081561089
1571,0.92413828,7.889356485779405
1570,0.92428219,7.8737853532772
1569,0.92417275,7.88562659406264
1568,0.92418629,7.884161510742009
1567,0.92423524,7.878865099807919
1566,0.92431345,7.870403326475173
1565,0.92433807,7.867739763360638
1564,0.92415272,7.887793961263477
1563,0.92415875,7.887141473833963
1562,0.92411203,7.892197010123943
1561,0.92436815,7.8644855956970945
1560,0.92423369,7.879032806170192
1559,0.92423104,7.879319530602298
1558,0.92447927,7.852465133766934
1557,0.92450714,7.8494505091216356
1556,0.92437001,7.864284377369884
1555,0.92436471,7.864857742487407
1554,0.92447338,7.853102251218274
1553,0.92438658,7.86249182121726
1552,0.92424328,7.877995195190359
1551,0.92449054,7.851246076544994
1550,0.92465198,7.833785010276274
1549,0.92450716,7.849448345806836
1548,0.92475466,7.822680908248674
1547,0.9246165,7.837622203240742
1546,0.92454266,7.845608535800588
1545,0.92446054,7.854491159698056
1544,0.92453894,7.846010897708255
1543,0.92441508,7.8594087430679105
1542,0.92427802,7.87423651521149
1541,0.92467668,7.831113770649084
1540,0.92495555,7.8009596678399005
1539,0.92494631,7.8019586397529395
1538,0.92473309,7.825013446001452
1537,0.92457331,7.8422934381539315
1536,0.92450567,7.849609512887537
1535,0.92454313,7.845557699868317
1534,0.92449059,7.851240668160981
1533,0.92457862,7.841719120823494
1532,0.92461274,7.838028859151073
1531,0.92471501,7.82696862387323
1530,0.92476557,7.821501142834568
1529,0.92493592,7.803081954505796
1528,0.92484298,7.813130723045456
1527,0.92474916,7.823275662359536
1526,0.92474052,7.82420997414224
1525,0.92461388,7.837905564365283
1524,0.92446533,7.853973021023303
1523,0.92459218,7.84025251752213
1522,0.92465717,7.833223719591047
1521,0.92512007,7.783174448829916
1520,0.92527934,7.765959787007971
1519,0.92461263,7.838040756024411
1518,0.92477493,7.820488999548164
1517,0.92484865,7.812517647881141
1516,0.92490863,7.806032472699553
1515,0.92466654,7.832210376178056
1514,0.92488207,7.808904148938582
1513,0.92475244,7.8229209722094915
1512,0.92448647,7.851686319985353
1511,0.92474467,7.823761200610823
1510,0.92490674,7.806236817417488
1509,0.92485867,7.811434233235828
1508,0.92473146,7.825189713235132
1507,0.92464877,7.834132168519739
1506,0.92477436,7.820550636186134
1505,0.92470138,7.8284426023751985
1504,0.92514569,7.780405116925769
1503,0.92500624,7.795479554651973
1502,0.92451156,7.848972417688595
1501,0.92455134,7.844669697645248
1500,0.92463286,7.835852836669176
1499,0.92503426,7.792450431775779
1498,0.92462844,7.836330865382589
1497,0.92463664,7.835444026595803
1496,0.92462915,7.836254077810782
1495,0.92453748,7.846168814383221
1494,0.92449957,7.850269327134482
1493,0.92447102,7.8533575320152496
1492,0.92418702,7.884082522369254
1491,0.92432759,7.868873554097039
1490,0.92453344,7.84660579059179
1489,0.92453925,7.845977367487449
1488,0.92446386,7.854132031980337
1487,0.92446948,7.85352411390363
1486,0.92449734,7.850510539003233
1485,0.92416805,7.886135158284128
1484,0.92447354,7.853084944069183
1483,0.92440731,7.8602492781070845
1482,0.92432339,7.869327939488933
1481,0.92418862,7.883909397386926
1480,0.92432603,7.869042325573012
1479,0.92446266,7.85426183703068
1478,0.92419401,7.883326184808273
1477,0.92433503,7.868068647899497
1476,0.92408088,7.895567870366321
1475,0.92425478,7.876750941788211
1474,0.924308,7.87099295503325
1473,0.92401149,7.903077235283256
1472,0.92408187,7.895460736944237
1471,0.92423608,7.878774213896851
1470,0.9238151,7.924333558988327
1469,0.92399668,7.904680042050105
1468,0.92383477,7.922204367703762
1467,0.92374941,7.931444542087661
1466,0.92377536,7.92863537812699
1465,0.92370781,7.935948029319395
1464,0.92352687,7.955538393504045
1463,0.92328062,7.982206035128065
1462,0.92357348,7.950491564293066
1461,0.92319939,7.991004397375413
1460,0.92313314,7.998180786130095
1459,0.92294378,8.018695641021855
1458,0.92283361,8.030633158593337
1457,0.92316408,7.9948292130824115
1456,0.92309628,8.00217378934038
1455,0.92278969,8.03539252633737
1454,0.92284025,8.029913638190086
1453,0.92301507,8.01097174186392
1452,0.92260686,8.055207237771414
1451,0.92283063,8.030956077565857
1450,0.9226266,8.053067671106426
1449,0.92241233,8.076294281394084
1448,0.92256341,8.059916830237153
1447,0.92186254,8.135915547749683
1446,0.92185782,8.136427555980688
1445,0.92166034,8.157851809350174
1444,0.92176942,8.146017347034963
1443,0.92132986,8.19371526684898
1442,0.92133631,8.193015194301394
1441,0.92147505,8.177957765931497
1440,0.92098668,8.23097053721303
1439,0.9205373,8.279775767424594
1438,0.92020555,8.315820998141298
1437,0.92024869,8.311133025023548
1436,0.92005109,8.332607787223356
1435,0.9197026,8.370492206867397
1434,0.91944288,8.39873575851144
1433,0.91942219,8.400986059562722
1432,0.91905288,8.44116174766356
1431,0.91858569,8.492008526534287
1430,0.91825836,8.527649004936901
1429,0.91780722,8.576791041473415
1428,0.91754776,8.605064591228711
1427,0.91736158,8.625357691991821
1426,0.91702011,8.662587675893835
1425,0.91664787,8.703188265441488
1424,0.91617827,8.754431533968408
1423,0.91567512,8.809364970825275
1422,0.91488045,8.896187798052514
1421,0.91426899,8.963045104449117
1420,0.91392931,9.000205187565795
1419,0.91370449,9.024807490405015
1418,0.91319334,9.080765738857057
1417,0.91282777,9.120805802236616
1416,0.91239757,9.167945188101845
1415,0.9120489,9.206167192416912
1414,0.91148529,9.267982322732276
1413,0.91114235,9.305613706841765
1412,0.91062356,9.362568336542129
1411,0.91010892,9.419099432610176
1410,0.90963994,9.47064280990707
1409,0.90973251,9.46046677365019
1408,0.90959344,9.475754853311878
1407,0.90919285,9.519805109098394
1406,0.90929553,9.50851221317029
1405,0.90945438,9.491044171024356
1404,0.90965949,9.468493630978276
1403,0.90976875,9.456483264454398
1402,0.91015951,9.413540911770138
1401,0.91053376,9.372430197358492
1400,0.91190623,9.221811217639289
1399,0.91131988,9.28613127284239
1398,0.91160577,9.254765210014344
1397,0.91291256,9.111517515324412
1396,0.91393536,8.99954321295692
1395,0.91551784,8.826542843809962
1394,0.91569593,8.807092356545292
1393,0.91617024,8.755308004787826
1392,0.9171079,8.65301473446462
1391,0.9182223,8.531576081414203
1390,0.91918105,8.427216841292728
1389,0.92002272,8.335691359180966
1388,0.92105244,8.223830623699376
1387,0.9218289,8.139564748399417
1386,0.92233221,8.084980578961366
1385,0.92246379,8.07071558703563
1384,0.92336621,7.972936260456397
1383,0.92361926,7.945534853602523
1382,0.92518141,7.776544177959408
1381,0.92616062,7.670760365412023
1380,0.92505545,7.790159732045232
1379,0.92463813,7.835282882343544
1378,0.92554714,7.737021363577925
1377,0.92505246,7.790482956434888
1376,0.92566277,7.724528993098955
1375,0.92665089,7.617838629035024
1374,0.92650995,7.633049397278079
1373,0.92666428,7.616393650844904
1372,0.92680724,7.600967462879144
1371,0.92681959,7.599634940086497
1370,0.92668288,7.614386471574658
1369,0.92652612,7.631304153322789
1368,0.92696592,7.583847784613057
1367,0.92693993,7.586651594741994
1366,0.92702547,7.577423806557756
1365,0.92720648,7.557899819758259
1364,0.92728387,7.549553591367802
1363,0.92742731,7.534085953944483
1362,0.9272145,7.557034859742529
1361,0.92701609,7.578435650111027
1360,0.92685415,7.595906128563922
1359,0.92708168,7.5713605108073105
1358,0.92712548,7.566636119600874
1357,0.92709507,7.569916204054976
1356,0.92704629,7.575177938792541
1355,0.92720564,7.557990414506961
1354,0.92738976,7.5381348707474
1353,0.92761096,7.514285823287356
1352,0.92711109,7.568188240860171
1351,0.92698376,7.581923244784071
1350,0.92665113,7.617812729316833
1349,0.9270222,7.57777654829712
1348,0.92720712,7.557830795242898
1347,0.92732553,7.545061001175286
1346,0.92756274,7.519484258346109
1345,0.92775524,7.498733098408468
1344,0.92731524,7.546170650026592
1343,0.9273021,7.547587653924569
1342,0.92728108,7.549854470557816
1341,0.92721909,7.556539829882778
1340,0.92730769,7.546984831699641
1339,0.9275122,7.524933094824116
1338,0.92740689,7.536287767993518
1337,0.92732215,7.545425490887962
1336,0.92746441,7.53008572044246
1335,0.92745117,7.531513278671321
1334,0.92731348,7.546360445426714
1333,0.92727578,7.550426035670155
1332,0.92734402,7.543067114986697
1331,0.927331,7.544471134543758
1330,0.92723276,7.555065539784568
1329,0.92722211,7.5562141252985535
1328,0.92753131,7.5228727657916545
1327,0.92753938,7.522002718084732
1326,0.92732613,7.544996298998273
1325,0.92713079,7.566063383233636
1324,0.92719198,7.559463669201945
1323,0.92737587,7.539632634106333
1322,0.92748953,7.527377297396493
1321,0.9275593,7.519855123434853
1320,0.92751924,7.524174078038924
1319,0.92748998,7.52732877934035
1318,0.92752145,7.52393580833284
1317,0.92752087,7.523998340598942
1316,0.92751008,7.5251616635074
1315,0.92752986,7.52302909486839
1314,0.9276538,7.509667614508615
1313,0.92752783,7.523247955986406
1312,0.92757836,7.517800289401618
1311,0.9277615,7.498058353754863
1310,0.92755818,7.519975870504744
1309,0.92746512,7.530009167669061
1308,0.92758445,7.517143743251904
1307,0.9277489,7.499416470637443
1306,0.92762762,7.512489827863365
1305,0.92744104,7.53260552542781
1304,0.92764474,7.510644276733548
1303,0.92782641,7.491062188315689
1302,0.92782426,7.4912939129646
1301,0.92797226,7.475343888409775
1300,0.92787567,7.485753146466524
1299,0.92780754,7.493095994606058
1298,0.92790484,7.482609455728816
1297,0.92774923,7.499380900674353
1296,0.92766204,7.508779356043679
1295,0.92767556,7.507321939344936
1294,0.9276799,7.506854104464383
1293,0.92775948,7.498276082362818
1292,0.92790806,7.482262437987967
1291,0.92806067,7.465817117775709
1290,0.92789314,7.483870368837496
1289,0.92768745,7.50604024946149
1288,0.92749715,7.526555728154816
1287,0.92758143,7.517469320606729
1286,0.92771994,7.502538053644176
1285,0.9276467,7.510432989174344
1284,0.92744968,7.531673934158629
1283,0.92753407,7.52257520215538
1282,0.92759261,7.516264042852839
1281,0.92745026,7.531611397092623
1280,0.92746916,7.529573572721719
1279,0.92757865,7.517769025201503
1278,0.92765216,7.509844404756195
1277,0.92774071,7.500299256502251
1276,0.92754686,7.521196286573482
1275,0.92742911,7.533891868841126
1274,0.92750613,7.525587535796675
1273,0.92746994,7.529489472925663
1272,0.92742977,7.533820704397621
1271,0.92742673,7.534148492558049
1270,0.92755723,7.52007829000866
1269,0.92766407,7.508560526589476
1268,0.92771667,7.502890531328672
1267,0.92771257,7.50333247758148
1266,0.92758431,7.517158836218425
1265,0.9275511,7.520739167856151
1264,0.92769685,7.505026982290909
1263,0.92768924,7.50584729673015
1262,0.92759018,7.516526011647839
1261,0.92755018,7.520838353815417
1260,0.92776495,7.497686491634556
1259,0.92762431,7.512846652717861
1258,0.92720343,7.558228765368768
1257,0.92704448,7.575373182739522
1256,0.92718345,7.560383655506992
1255,0.92730628,7.547136884905623
1254,0.92741294,7.535635413527371
1253,0.92756434,7.5193117634246365
1252,0.92745248,7.531372031442642
1251,0.92740696,7.536280220066267
1250,0.92722951,7.555416045702384
1249,0.92697865,7.582474496521699
1248,0.9271289,7.56626723817479
1247,0.9273442,7.543047704716231
1246,0.92740448,7.5365476326934
1245,0.92754767,7.52110895948725
1244,0.92753132,7.522871687660946
1243,0.92754059,7.521872265487589
1242,0.92767767,7.507094489394604
1241,0.92739403,7.537674439723249
1240,0.92752633,7.523409676332067
1239,0.92758723,7.51684404053112
1238,0.92738786,7.538339747060268
1237,0.9273608,7.541257662634015
1236,0.92735971,7.541375200558899
1235,0.92731013,7.546721704712092
1234,0.92743225,7.53355329906253
1233,0.92742039,7.534832106849658
1232,0.92740946,7.5360106516094705
1231,0.92740523,7.536466761863799
1230,0.9273994,7.537095399500949
1229,0.92738798,7.538326807491255
1228,0.92761908,7.513410460143699
1227,0.92745134,7.531494948867015
1226,0.92731986,7.545672438815109
1225,0.92720399,7.558168368716568
1224,0.92738468,7.538682646249417
1223,0.92752722,7.523313722228744
1222,0.92736699,7.540590179240127
1221,0.92732882,7.544706218085908
1220,0.92749829,7.526432816801454
1219,0.92739099,7.53800224051604
1218,0.92738856,7.538264266264587
1217,0.92724072,7.554207075095164
1216,0.92724482,7.55376490394726
1215,0.92718206,7.560533572014023
1214,0.92723428,7.55490161128466
1213,0.927389,7.538216821222175
1212,0.92731991,7.54566704693248
1211,0.92728392,7.549548199275878
1210,0.92731417,7.546286036959882
1209,0.92737119,7.540137285128664
1208,0.92726363,7.551736334058479
1207,0.92734869,7.542563527521791
1206,0.92756689,7.519036850258527
1205,0.92754565,7.521326738288808
1204,0.92755305,7.520528937072071
1203,0.92738796,7.538328964085985
1202,0.92749599,7.52668079600277
1201,0.92746027,7.530532099753133
1200,0.92742328,7.534520490291712
1199,0.92733061,7.544513190733172
1198,0.92741901,7.534980906794296
1197,0.92751564,7.524562210902507
1196,0.92738059,7.539123672406856
1195,0.92745069,7.531565033430989
1194,0.92731411,7.546292507259144
1193,0.92722414,7.555995192018607
1192,0.92738335,7.538826060409938
1191,0.92739027,7.538079877703291
1190,0.92741988,7.534887098107746
1189,0.92761286,7.514080996249289
1188,0.92754616,7.521271754487224
1187,0.92738329,7.538832530226548
1186,0.92740906,7.536053782513717
1185,0.92729503,7.54835008366047
1184,0.92716897,7.561945386690789
1183,0.92701864,7.578160574357734
1182,0.92734532,7.542926929784578
1181,0.92742906,7.533897260088914
1180,0.9273218,7.545463233981453
1179,0.92754218,7.521700844564953
1178,0.92748073,7.52832609967001
1177,0.92734563,7.542893501034641
1176,0.92737835,7.539365213229412
1175,0.92721615,7.556856907550037
1174,0.92731618,7.546069282176375
1173,0.92740286,7.536722313908544
1172,0.92739914,7.537123434890722
1171,0.92746023,7.530536412606444
1170,0.92749859,7.526400471733578
1169,0.92747884,7.528529877696295
1168,0.92753163,7.522838265614529
1167,0.92734932,7.542495591933727
1166,0.92728451,7.549484572613142
1165,0.9273429,7.543187890087659
1164,0.92745288,7.531328902557618
1163,0.92743987,7.532731679079355
1162,0.92737802,7.539400797417755
1161,0.92731347,7.546361523810704
1160,0.92706254,7.573425075126984
1159,0.92724946,7.5532644979821235
1158,0.92734878,7.542553822434966
1157,0.92714468,7.56456522395526
1156,0.92702062,7.577946986647627
1155,0.92719073,7.559598484954198
1154,0.92723634,7.554679445457086
1153,0.92716171,7.562728418550026
1152,0.92731758,7.545918308972905
1151,0.92725576,7.552585071477201
1150,0.92712558,7.566625333574946
1149,0.92700425,7.579712874502239
1148,0.92718837,7.559853017589944
1147,0.92744913,7.531733236584954
1146,0.92751968,7.524126639681136
1145,0.9272551,7.5526562492755325
1144,0.92726181,7.551932610686548
1143,0.92727948,7.550027018172024
1142,0.92729496,7.548357632498788
1141,0.92711529,7.5677352217417475
1140,0.92715364,7.563598820663689
1139,0.927369,7.540373436802287
1138,0.92731928,7.545734984675124
1137,0.92716294,7.562595755696186
1136,0.92702383,7.57760071663236
1135,0.92667514,7.615221712247702
1134,0.92700489,7.579643834928885
1133,0.92710319,7.569040353810137
1132,0.9271565,7.563290350150763
1131,0.92724674,7.553557839106266
1130,0.92700778,7.5793320786991
1129,0.92720903,7.557624800488155
1128,0.92712709,7.566462464724927
1127,0.92710349,7.569007994957892
1126,0.92689581,7.591411455505971
1125,0.92699214,7.581019241662985
1124,0.9272249,7.555913226973082
1123,0.92723441,7.554887591096486
1122,0.92699716,7.580477706714533
1121,0.92717384,7.561420133218381
1120,0.92723017,7.555344865939664
1119,0.9272679,7.551275840404882
1118,0.92719559,7.559074322329861
1117,0.9273619,7.541139046519598
1116,0.9269674,7.583688124070346
1115,0.92715769,7.563162000812079
1114,0.9270087,7.579232834705329
1113,0.92722921,7.555448400156729
1112,0.92707374,7.572216965440448
1111,0.92721982,7.556461099869504
1110,0.92708901,7.570569860837538
1109,0.92702733,7.577223165022626
1108,0.92711667,7.567586373050773
1107,0.92724391,7.553863044203958
1106,0.92721343,7.557150259212386
1105,0.92726464,7.551627411480561
1104,0.92722722,7.555663018302274
1103,0.92723099,7.555256430547452
1102,0.92711961,7.567269261361005
1101,0.926906,7.590312093109714
1100,0.92721247,7.557253795298668
1099,0.92694452,7.586156418249212
1098,0.92695269,7.585275031734797
1097,0.92696225,7.584243700707263
1096,0.9268427,7.597141497766841
1095,0.92711241,7.568045863201807
1094,0.92700453,7.579682669683041
1093,0.92723618,7.554696701037666
1092,0.92698513,7.58177545373887
1091,0.92703797,7.576075416882344
1090,0.92688226,7.592873334920724
1089,0.92724131,7.554143445468085
1088,0.92710513,7.568831100083988
1087,0.92688867,7.592181771589322
1086,0.92695496,7.585030143592694
1085,0.92709745,7.569659488533335
1084,0.92673437,7.608830248332072
1083,0.92689264,7.591753457852578
1082,0.92705019,7.574757248710657
1081,0.92699171,7.581065628259065
1080,0.9269608,7.584400125754145
1079,0.9268059,7.601112045367382
1078,0.9268397,7.597465177810409
1077,0.92709248,7.570195571695
1076,0.92689409,7.591597021302827
1075,0.92702609,7.577356926001316
1074,0.92718068,7.560682410207346
1073,0.92726032,7.552093298982022
1072,0.92696357,7.58410130018769
1071,0.92731437,7.5462644692986816
1070,0.92706582,7.573071270064648
1069,0.92733361,7.54418968203897
1068,0.92692973,7.587751995727065
1067,0.92708039,7.5714996572196895
1066,0.92702546,7.577424885276769
1065,0.92682361,7.599201199655759
1064,0.92685017,7.59633553901057
1063,0.92701983,7.578032205931811
1062,0.92669268,7.6133289417127505
1061,0.92688968,7.592072804948291
1060,0.92700608,7.579515464598909
1059,0.92694442,7.586167206381962
1058,0.92691535,7.5893033659203235
1057,0.92689752,7.591226968921369
1056,0.92691558,7.589278552438554
1055,0.9269062,7.590290515951048
1054,0.9268894,7.592103013510151
1053,0.9270936,7.570074763971098
1052,0.92714042,7.565024700224564
1051,0.92693015,7.587706684859222
1050,0.92673897,7.608333882951396
1049,0.92672621,7.609710763416993
1048,0.92682463,7.599091146412862
1047,0.92677323,7.604637117426575
1046,0.92677561,7.6043803127556
1045,0.92660543,7.622744588293692
1044,0.92662508,7.620623967043974
1043,0.92668449,7.614212733758179
1042,0.92664819,7.618130001326636
1041,0.92669933,7.612611338532835
1040,0.92690827,7.5900671926321746
1039,0.92672251,7.61011001913528
1038,0.92705892,7.573815556557471
1037,0.92692184,7.588603196559712
1036,0.92687731,7.593407384759779
1035,0.92704568,7.575243739196169
1034,0.92681249,7.600401003651827
1033,0.92673104,7.609189575242856
1032,0.92635569,7.64970036181928
1031,0.92660692,7.622583786429844
1030,0.92661988,7.621185144882013
1029,0.92668576,7.614075686128321
1028,0.92672472,7.609871544582121
1027,0.92708254,7.57126774663996
1026,0.92653264,7.630600451946376
1025,0.92694787,7.585795016474423
1024,0.92664728,7.6182282047717695
1023,0.92675986,7.606079767689727
1022,0.92662723,7.62039194251192
1021,0.92666514,7.616300844893536
1020,0.92672941,7.609365462459652
1019,0.9264894,7.635267422880823
1018,0.92650429,7.63366029382466
1017,0.92662391,7.62075023178296
1016,0.92663119,7.619964587108358
1015,0.92671423,7.6110034944637155
1014,0.92691553,7.589283946673189
1013,0.92673354,7.60891981017401
1012,0.92677465,7.604483897753607
1011,0.926735,7.608762267710407
1010,0.92658744,7.624686102346743
1009,0.92644927,7.639598920804194
1008,0.92640217,7.64468297654588
1007,0.92668779,7.613856626133644
1006,0.92665739,7.617137180703917
1005,0.92663184,7.619894440562559
1004,0.92672597,7.609736661036871
1003,0.9268555,7.595760474685495
1002,0.92648457,7.63578874698771
1001,0.92651328,7.632689984622448
1000,0.92665404,7.617498695767802
999,0.92664227,7.618768865026394
998,0.92648926,7.635282533686246
997,0.92658678,7.624757331483536
996,0.92647601,7.636712673820531
995,0.92649534,7.634626295096888
994,0.92643869,7.640740921856455
993,0.92689012,7.592025334369532
992,0.92661643,7.621557466531595
991,0.92648647,7.635583670927804
990,0.92670961,7.611502031268985
989,0.9266394,7.619078585890357
988,0.92646764,7.637616101185947
987,0.92629725,7.656009152716672
986,0.92612305,7.674816979484
985,0.92648841,7.635374277911091
984,0.92630892,7.654749305892327
983,0.9263466,7.650681631184486
982,0.92605457,7.68221151867849
981,0.92611351,7.675847085487325
980,0.92610859,7.676378339271627
979,0.92636321,7.648888581899513
978,0.92627509,7.658401501940771
977,0.92637592,7.647516559276962
976,0.92644231,7.640350179007864
975,0.92647617,7.636695404081813
974,0.92602346,7.685570988365944
973,0.92631924,7.653635212927217
972,0.92638698,7.64632266663153
971,0.9264119,7.643632682276468
970,0.92620842,7.66559940677167
969,0.92613541,7.673482392517113
968,0.9260904,7.678342491082403
967,0.92619458,7.667093682045484
966,0.9264049,7.644388288551197
965,0.92606062,7.68155821158047
964,0.92584199,7.705169604516042
963,0.92595569,7.69288964527742
962,0.92603864,7.683931734476959
961,0.92615462,7.671408203303814
960,0.92599683,7.688446766795118
959,0.92577465,7.712443248376756
958,0.92577844,7.712033862329936
957,0.92605849,7.681788218386007
956,0.9259215,7.696582114755248
955,0.92579823,7.70989622468074
954,0.92607917,7.679555123033824
953,0.92601184,7.686825824059428
952,0.92604269,7.68349438867206
951,0.92587562,7.701537301207796
950,0.92592932,7.695737554284655
949,0.92619705,7.6668269997780865
948,0.92643241,7.641418788762571
947,0.92609125,7.67825070742824
946,0.92610215,7.677073724506256
945,0.92627285,7.658643331040217
944,0.92625364,7.660717255500065
943,0.92624575,7.661569077642922
942,0.92582452,7.707056553370616
941,0.92609956,7.6773533916705885
940,0.9261735,7.669369687578997
939,0.92646025,7.638413757699185
938,0.92625338,7.66074532556914
937,0.92601673,7.686297754451942
936,0.92600145,7.687947846245362
935,0.92629537,7.656212111530144
934,0.92658989,7.624421691600903
933,0.92642094,7.64265687919214
932,0.92625887,7.660152616937922
931,0.92645843,7.638610204528685
930,0.92652191,7.631758539818098
929,0.92627282,7.658646569826784
928,0.92632406,7.653114875310145
927,0.92616637,7.670139524703974
926,0.92614001,7.672985706122598
925,0.92632178,7.653361009779108
924,0.9263771,7.6473891812630335
923,0.9267334,7.608934916998645
922,0.92638791,7.646222276669974
921,0.92614044,7.672939276868319
920,0.92629536,7.656213191099395
919,0.92603826,7.68397276949014
918,0.92583554,7.7058662700958225
917,0.92616173,7.670640515862074
916,0.92626453,7.659541558529708
915,0.92607059,7.680481613988853
914,0.92609292,7.678070379788364
913,0.92608202,7.679247374440936
912,0.9258539,7.70388321617717
911,0.92584712,7.704615515822404
910,0.92602534,7.685367969957357
909,0.92586308,7.702891703964528
908,0.92607258,7.680266727792985
907,0.92607719,7.679768927876948
906,0.92610318,7.676962505735488
905,0.9263815,7.646914213827986
904,0.92627878,7.6580031329584015
903,0.92595292,7.693188796108631
902,0.92582152,7.707380589383468
901,0.92582949,7.706519736019948
900,0.92586104,7.703112039162196
899,0.92590628,7.698225896122482
898,0.92591861,7.6968942367343
897,0.92576815,7.713145365551692
896,0.92588841,7.700155915697225
895,0.92605215,7.682472842712784
894,0.92608188,7.679262491893559
893,0.92605373,7.682302226117144
892,0.92601858,7.686097974243664
891,0.92620597,7.665863926418365
890,0.92620332,7.666150040293338
889,0.92602546,7.685355011349522
888,0.92592978,7.6956878744791055
887,0.92590008,7.69889551257201
886,0.92597804,7.690475951996825
885,0.9259599,7.692434980926323
884,0.92585806,7.703433902235271
883,0.92579373,7.710382292896329
882,0.92582026,7.707516684821972
881,0.92578762,7.711042269299763
880,0.92563975,7.7270158908104305
879,0.9256873,7.721879035060339
878,0.92580243,7.709442563144466
877,0.92586929,7.702220980689336
876,0.92594041,7.694539845847559
875,0.92606597,7.680980497289351
874,0.9260845,7.678979579944789
873,0.92598616,7.689599045196983
872,0.92588481,7.70054473220684
871,0.92578037,7.711825389340636
870,0.92574983,7.715124282332248
869,0.92576392,7.713602284453459
868,0.92583531,7.70589111252395
867,0.92588094,7.700962711640797
866,0.9259292,7.695750514237982
865,0.92572064,7.718277451715763
864,0.92570013,7.72049304747153
863,0.92593692,7.694916760661889
862,0.92585787,7.703454423741513
861,0.92565561,7.725302495925621
860,0.92314373,7.997033612575334
859,0.92157993,8.166576662138999
858,0.92146546,8.178998494044864
857,0.92151461,8.173664741302577
856,0.92133314,8.193359260351865
855,0.92154231,8.170658865607534
854,0.92187481,8.134584555566851
853,0.92166868,8.156946924773465
852,0.92142147,8.18377252540753
851,0.9214471,8.180990992267404
850,0.92164424,8.159598672041783
849,0.92194319,8.127167337595097
848,0.92205812,8.11470205359279
847,0.92137927,8.188352510545506
846,0.92123389,8.204132274139699
845,0.92196193,8.125134695047779
844,0.92216366,8.103256575477335
843,0.92198393,8.122748507852332
842,0.92186971,8.135137777550133
841,0.92144356,8.181375171326625
840,0.92133556,8.193096597834188
839,0.92189151,8.132773046177709
838,0.92200332,8.12064545643473
837,0.92165546,8.158381289974155
836,0.92165676,8.158240239533987
835,0.92158233,8.16631624014013
834,0.92147447,8.178020708512792
833,0.92158822,8.165677124025782
832,0.92157252,8.167380719340029
831,0.9217867,8.144142709228925
830,0.92172338,8.151012213302902
829,0.92153553,8.171394591451865
828,0.9215542,8.16936864559618
827,0.92167876,8.155853262256947
826,0.92156164,8.168561317067116
825,0.92170607,8.152890234726554
824,0.92175622,8.147449385701934
823,0.92163525,8.160574107405637
822,0.92167908,8.155818543007866
821,0.92172152,8.151214009407576
820,0.92148552,8.176821550629821
819,0.92170599,8.152898914283533
818,0.92191377,8.130358474504364
817,0.92143168,8.182664460991209
816,0.92171404,8.152025537639148
815,0.92202368,8.118437245817328
814,0.92148503,8.176874725652059
813,0.92179778,8.142940703015446
812,0.92191414,8.130318340607069
811,0.92164134,8.15991332757117
810,0.92171339,8.152096058451548
809,0.92179973,8.142729160095751
808,0.92142898,8.18295748368777
807,0.92158342,8.166197965372922
806,0.92171134,8.15231847057033
805,0.92144866,8.180821693489502
804,0.92168775,8.154877872940586
803,0.92164318,8.159713683948077
802,0.9216109,8.163216185350725
801,0.9217328,8.14999021992955
800,0.92176994,8.145960933810354
799,0.92158033,8.166533258425423
798,0.92185553,8.136675967698277
797,0.9219106,8.130702325041513
796,0.92172828,8.150480601858316
795,0.9218186,8.14068209865211
794,0.92183422,8.138987636459358
793,0.92140539,8.185517670363836
792,0.92156919,8.167742058892154
791,0.92187962,8.134062794108631
790,0.92177191,8.145747214767306
789,0.9218266,8.139814252712995
788,0.92184742,8.1375557189619
787,0.92162867,8.161288058341107
786,0.92157679,8.166917381944966
785,0.92171697,8.151707652132808
784,0.92169003,8.154630500966716
783,0.92175184,8.14792456670006
782,0.92197385,8.123841808372491
781,0.92164601,8.159406624153501
780,0.92169142,8.15447969116011
779,0.92181318,8.141270068555736
778,0.92166081,8.157800814438067
777,0.92182115,8.140405471941287
776,0.921903,8.131526703384319
775,0.9216679,8.157031553919142
774,0.9219176,8.129943035211786
773,0.92186171,8.13600558290542
772,0.92153522,8.171428230963535
771,0.92181881,8.140659317599958
770,0.92196733,8.124548989281596
769,0.92158467,8.166062329344202
768,0.92182855,8.139602716406962
767,0.92179649,8.143080647039033
766,0.92127941,8.1991911971869
765,0.92164638,8.159366478596349
764,0.9218857,8.13340327416495
763,0.92133395,8.193271344308393
762,0.92173582,8.149662576706639
761,0.92164629,8.159376243730378
760,0.92155822,8.168932426952512
759,0.9221698,8.102590752280687
758,0.92194706,8.1267475729155
757,0.9215354,8.171408698342464
756,0.92177117,8.14582749496341
755,0.92180712,8.141927470733403
754,0.9214292,8.182933607732217
753,0.92194195,8.127301836211428
752,0.92214246,8.105555543069642
751,0.92170043,8.153502145338786
750,0.92181523,8.141047681008565
749,0.92185591,8.136634746497196
748,0.92154001,8.170908447514435
747,0.92208947,8.111302108797373
746,0.92213156,8.106737579999292
745,0.92152861,8.172145514857066
744,0.92163572,8.16052311110529
743,0.92189587,8.132300106613478
742,0.92148088,8.177325086668231
741,0.92185643,8.136578338565364
740,0.92174,8.149209085540138
739,0.92135446,8.19104524901311
738,0.92167787,8.155949825231854
737,0.92168012,8.15570570553159
736,0.92130697,8.196199749914618
735,0.92183037,8.139405282925077
734,0.92176318,8.146694308212657
733,0.92148624,8.176743415954544
732,0.9215596,8.168782680692674
731,0.92158107,8.166452961604977
730,0.92136672,8.18971460820501
729,0.92168601,8.155066657227065
728,0.92162617,8.161559317631548
727,0.92136855,8.189515990418759
726,0.92170144,8.153392565326266
725,0.92180821,8.141809224808433
724,0.92138196,8.188060557366107
723,0.92191277,8.130466944577696
722,0.92192591,8.129041657198426
721,0.92122786,8.204786833182787
720,0.9214172,8.184235940905527
719,0.92177328,8.145598588087847
718,0.92100131,8.229382036084928
717,0.92179613,8.143119701220094
716,0.92175842,8.147210711166638
715,0.92128926,8.198122037577214
714,0.92125925,8.201379482343517
713,0.92156106,8.168624253734343
712,0.92112471,8.21598447274293
711,0.92165878,8.158021069244787
710,0.92173781,8.149446679937872
709,0.92112207,8.216271079296256
708,0.92151434,8.173694040896597
707,0.92148634,8.176732563921146
706,0.92099227,8.23036358130836
705,0.92161726,8.162526091727155
704,0.92150988,8.174178028025102
703,0.92080668,8.250516703952728
702,0.92138598,8.18762425717737
701,0.92150753,8.174433044606854
700,0.9210845,8.22034988355382
699,0.92161834,8.1624089064905
698,0.9215535,8.169444604261
697,0.92094168,8.235856720735285
696,0.92135827,8.190631728236047
695,0.92134933,8.19160203953232
694,0.92132154,8.194618313404623
693,0.92150602,8.174596906668521
692,0.92103169,8.226083506688045
691,0.92111026,8.21755321942678
690,0.92130711,8.196184554111909
689,0.92121673,8.205995010629263
688,0.92057488,8.275693452352915
687,0.92103885,8.225306120605953
686,0.92133779,8.192854558191067
685,0.9207459,8.257117655854092
684,0.92119278,8.208594866944752
683,0.92120534,8.20723142656083
682,0.92057134,8.276077995412187
681,0.9208692,8.243727235653445
680,0.92102512,8.226796839736657
679,0.9208466,8.24618146882028
678,0.92135067,8.19145660077398
677,0.92115922,8.212238036111524
676,0.92036975,8.297978750618412
675,0.92099641,8.229914067145206
674,0.92107459,8.22142579497254
673,0.92043586,8.290796025873409
672,0.92093808,8.236247625731167
671,0.92089257,8.241189448152163
670,0.92023042,8.313118377631064
669,0.92088013,8.242540320602405
668,0.92085712,8.245039048366232
667,0.92049491,8.284380792776913
666,0.92076378,8.255175770867574
665,0.92065477,8.267015556029651
664,0.91991707,8.347175430637042
663,0.92043336,8.291067636694303
662,0.92065338,8.26716653564706
661,0.92005359,8.332336063551645
660,0.92055548,8.277800853373757
659,0.92025704,8.310225665718542
658,0.91998253,8.340059824978157
657,0.92027612,8.308152353439764
656,0.92041693,8.292852681365211
655,0.91968561,8.372339560232838
654,0.9204409,8.290248460701255
653,0.9202344,8.312685878193241
652,0.91979102,8.360878691592669
651,0.92008296,8.329143909143047
650,0.9201497,8.321890478478544
649,0.91976409,8.36380657343274
648,0.92037714,8.29717581567498
647,0.92027948,8.307787246294954
646,0.91977041,8.363119443074487
645,0.92011911,8.32521499279261
644,0.92029186,8.30644201183094
643,0.92008118,8.329337370145941
642,0.92032151,8.303220259725276
641,0.92004354,8.333428397193835
640,0.91968698,8.372190596395109
639,0.92018367,8.318198756037647
638,0.92029753,8.305825904834899
637,0.91980403,8.359464249865377
636,0.92035429,8.299658524410082
635,0.92035264,8.299837803356997
634,0.91964348,8.376920578413477
633,0.92024203,8.311856745054037
632,0.9203647,8.298527444646501
631,0.91992271,8.3465623337727
630,0.92041963,8.292559336474229
629,0.9202397,8.312109939634778
628,0.91961536,8.379978331829212
627,0.92003739,8.334096846053871
626,0.92047519,8.286523141531076
625,0.92018875,8.3176466938632
624,0.92023692,8.312412035295203
623,0.92006101,8.331529592041663
622,0.9197864,8.361380980862997
621,0.9204272,8.291736888905346
620,0.92051562,8.28213094144109
619,0.91989522,8.349550672950608
618,0.92027662,8.308098021934972
617,0.92019532,8.316932712460387
616,0.91976722,8.363466269358224
615,0.92042996,8.29143702859462
614,0.92044307,8.290012704397718
613,0.91996655,8.341796829569658
612,0.92029855,8.30571507117498
611,0.92020608,8.31576340233053
610,0.91976282,8.363944652413064
609,0.92039564,8.2951657902985
608,0.92042243,8.292255127866559
607,0.91992539,8.346271005374456
606,0.92042715,8.291742321165648
605,0.9202442,8.311620937802164
604,0.9201741,8.319238771208187
603,0.9204532,8.2889121535231
602,0.92019767,8.316677332222273
601,0.92021393,8.314910336187198
600,0.9204348,8.290911188771382
599,0.92010421,8.326834361467968
598,0.91974634,8.365736434738348
597,0.92010346,8.326915874007257
596,0.92026182,8.309706246971599
595,0.92005986,8.331654583830925
594,0.92038405,8.296425039307284
593,0.92016434,8.320299445678483
592,0.91992325,8.346503633206273
591,0.92059568,8.273434020179417
590,0.92036635,8.298348168048753
589,0.92003695,8.334144670208628
588,0.92031834,8.303564705163632
587,0.92020304,8.31609376365801
586,0.91977981,8.362097454123294
585,0.92013412,8.323583695560721
584,0.92047932,8.286074461242922
583,0.92026656,8.309191177489208
582,0.92027608,8.308156699961419
581,0.9199404,8.344639364623054
580,0.91986455,8.352884803906479
579,0.9203797,8.296897669214298
578,0.92025409,8.31054622884387
577,0.92000725,8.337372853531885
576,0.92038743,8.29605780197916
575,0.92016832,8.319866915181533
574,0.91987241,8.352030333928347
573,0.92030214,8.305324981133227
572,0.92022979,8.313186838768829
571,0.9200191,8.336084828498972
570,0.92036216,8.298803422582738
569,0.92011753,8.325386709838746
568,0.91975107,8.365222163832152
567,0.92013906,8.323046818747684
566,0.9202047,8.315913368850497
565,0.9199465,8.343976280386745
564,0.92017139,8.319533281126535
563,0.92007566,8.32993731900682
562,0.91999086,8.339154377100995
561,0.91998879,8.33937937958948
560,0.91979789,8.360131785589628
559,0.92005068,8.332652349976009
558,0.92008198,8.32925042133429
557,0.91977687,8.362417096353605
556,0.91998587,8.339696775264922
555,0.91979322,8.360639507112598
554,0.91966728,8.374332652488283
553,0.92013395,8.323602171129888
552,0.91997285,8.34111202440705
551,0.91967597,8.373387750007467
550,0.91985423,8.35400671450634
549,0.91969782,8.371011941444815
548,0.91960485,8.381121207483028
547,0.92007993,8.329473227815486
546,0.91990976,8.347970070641288
545,0.91954204,8.387951548263953
544,0.9197368,8.36677368262528
543,0.91962277,8.379172563410298
542,0.91967861,8.373100692794177
541,0.92028041,8.307686190088614
540,0.91998998,8.339250030270959
539,0.91958521,8.383256930204444
538,0.91982621,8.357052895722703
537,0.91963121,8.378254800002761
536,0.91962887,8.378509250151007
535,0.92006436,8.331165486415538
534,0.91975005,8.365333063465627
533,0.91935773,8.407997230320595
532,0.91956623,8.3853209255436
531,0.91942844,8.4003062871116
530,0.91948302,8.394370166618224
529,0.9198378,8.355792883031569
528,0.91955408,8.386642209413283
527,0.91930628,8.413593685108806
526,0.9195232,8.390000415219943
525,0.91927724,8.41675263869308
524,0.91930027,8.414247441074174
523,0.91963178,8.378192818654464
522,0.91932382,8.411685742885897
521,0.91909262,8.43683782444788
520,0.91931817,8.412300326913764
519,0.91930926,8.41326952816189
518,0.91930302,8.413948300958955
517,0.91938669,8.40484725475167
516,0.91903017,8.44363280031823
515,0.91887508,8.460509622490456
514,0.91914823,8.430787474732613
513,0.9190627,8.440093262078976
512,0.91897825,8.449282393589833
511,0.91933527,8.410440270023381
510,0.91910233,8.435781353261278
509,0.91877845,8.47102629481324
508,0.9189284,8.454707043423069
507,0.91880823,8.467785087165524
506,0.91872332,8.477026833252609
505,0.91903021,8.443628447904096
504,0.91879845,8.46884951516381
503,0.91847425,8.50414095593522
502,0.91865543,8.484416708642302
501,0.9184022,8.511985794932087
500,0.91842885,8.509084058269723
499,0.91885396,8.462808111499577
498,0.91846059,8.505628216093045
497,0.91812159,8.542544615211114
496,0.91826673,8.526737500918173
495,0.9181445,8.540049334148534
494,0.91819658,8.53437718526712
493,0.91825654,8.527847206432563
492,0.91778327,8.579400555973706
491,0.91769177,8.589370726973778
490,0.91784152,8.573053943056195
489,0.91761685,8.597535021439041
488,0.91776497,8.58139451065186
487,0.91808963,8.546025696216933
486,0.91767213,8.591510902009446
485,0.91741204,8.619857285896742
484,0.91759577,8.599832302938887
483,0.91733909,8.627809318065639
482,0.91753313,8.606659071350002
481,0.91779033,8.578631314141072
480,0.91729887,8.632193834344411
479,0.91712351,8.651312659152275
478,0.91730174,8.631880959707354
477,0.91711475,8.652267824050005
476,0.91729175,8.632970029308296
475,0.91754229,8.60566074725932
474,0.91715075,8.648342547147108
473,0.91693879,8.671455922619893
472,0.91711215,8.652551322236633
471,0.91694617,8.67065107387955
470,0.91711697,8.652025760849826
469,0.91745549,8.615121249174999
468,0.9170526,8.659044741109811
467,0.9168873,8.677071504194856
466,0.91701142,8.663535315000125
465,0.91673987,8.693152199630642
464,0.91682045,8.684362742401127
463,0.91720286,8.642660981746632
462,0.91687544,8.678365019407218
461,0.91667837,8.699860979840334
460,0.91675184,8.691846494245135
459,0.91656464,8.712268500231856
458,0.91676611,8.690289923719032
457,0.9170425,8.660146101666317
456,0.91660648,8.707703732704072
455,0.9164545,8.724285832482149
454,0.91655465,8.713358445665806
453,0.91629444,8.741752491107725
452,0.91658154,8.71042467564386
451,0.91677743,8.689055156204288
450,0.9162105,8.75091372153353
449,0.91611137,8.761733872918468
448,0.91621268,8.750675785228875
447,0.91596277,8.777955923880425
446,0.91638185,8.732213436060947
445,0.91668568,8.699063538655654
444,0.91608966,8.76410370020768
443,0.91603108,8.770498475261618
442,0.91619515,8.752589114752299
441,0.9159006,8.784743548005903
440,0.91629567,8.741618254870922
439,0.91660342,8.708037573362477
438,0.91613312,8.759359735610957
437,0.91606085,8.767248638338595
436,0.91623014,8.748770132314634
435,0.9159108,8.783629896240203
434,0.91626432,8.745039698116885
433,0.91637342,8.733133362484075
432,0.9158751,8.787527731680973
431,0.91590781,8.783956347776792
430,0.91620469,8.751547857293986
429,0.91599338,8.774614140835792
428,0.91638481,8.73189042712974
427,0.91682903,8.683426903780544
426,0.91611838,8.76096868503741
425,0.91591221,8.783475951236536
424,0.91617381,8.754918339975701
423,0.91592208,8.782398342846523
422,0.91611775,8.7610374534663
421,0.91653458,8.715548191770074
420,0.91640775,8.72938714328824
419,0.91615559,8.756907065365422
418,0.91622083,8.74978625772836
417,0.9159045,8.784317738513389
416,0.91618221,8.754001487583643
415,0.91645121,8.724644825307795
414,0.91612657,8.760074699765406
413,0.9161981,8.752267131466239
412,0.91624731,8.746896166553102
411,0.91587304,8.787752653432488
410,0.91625508,8.746048145830997
409,0.91637471,8.732992590276599
408,0.91589787,8.785041615729472
407,0.9160025,8.773618505408923
406,0.9161302,8.759678467091092
405,0.91575727,8.800393850678699
404,0.91610896,8.761996941716532
403,0.91649708,8.7196397741277
402,0.91600969,8.77283357613396
401,0.91594484,8.779913446181522
400,0.91605566,8.767815196193586
399,0.91559429,8.818192727092171
398,0.9157186,8.80461667453776
397,0.91591107,8.783600417391378
396,0.91540793,8.838548792050242
395,0.91528435,8.852049695674276
394,0.91510286,8.871880472419573
393,0.91471224,8.914575497281223
392,0.91488675,8.895499185861844
391,0.91484333,8.900245241084159
390,0.91426099,8.963920124283375
389,0.91405911,8.9860037846687
388,0.91385359,9.008490635475754
387,0.91297856,9.10428816859002
386,0.91329244,9.069914299313163
385,0.91308905,9.092186754652252
384,0.91202195,9.209122121497868
383,0.91174302,9.23971049300003
382,0.91153919,9.262069072459768
381,0.91058659,9.36662827438125
380,0.9105578,9.36979002258316
379,0.91052202,9.373719559291182
378,0.90985399,9.447114289425835
377,0.90966026,9.468408983955662
376,0.90980714,9.452263599837304
375,0.9099931,9.431826191757054
374,0.90958755,9.476402397457564
373,0.90972393,9.461409912470277
372,0.90959009,9.476123150401737
371,0.90913229,9.526466184028305
370,0.90925317,9.513170873123425
369,0.90927974,9.510248737389082
368,0.90859369,9.58572704311141
367,0.90835103,9.612437817387766
366,0.9078351,9.669252480307591
365,0.90683866,9.779072782128296
364,0.90677042,9.78659810837249
363,0.90636605,9.831202583920238
362,0.90562238,9.913285894105076
361,0.90508712,9.972407472203711
360,0.90420784,10.069603351113544
359,0.90310331,10.191832457873986
358,0.90280715,10.224631426506695
357,0.90206624,10.306732480876834
356,0.9003952599999999,10.492143429038238
355,0.8996268999999999,10.577515716529168
354,0.89871908,10.678477387665842
353,0.8972696600000001,10.839883779853942
352,0.89639228,10.937714931913504
351,0.8953250199999999,11.056847579259893
350,0.8933553000000001,11.277090489542356
349,0.89200865,11.427944913972928
348,0.8905413299999999,11.592576520141233
347,0.88834403,11.839618984700008
346,0.88699153,11.991984575986365
345,0.8852101,12.193026101945316
344,0.88243148,12.507413624855362
343,0.88035859,12.74259658744684
342,0.8779745099999999,13.013771765911455
341,0.87518607,13.331876380306127
340,0.87234047,13.657548403014228
339,0.8700178599999999,13.924153880858716
338,0.86598901,14.388306103140524
337,0.8628056399999999,14.75658276317555
336,0.85908026,15.189292713674304
335,0.85459334,15.712954892216713
334,0.85096166,16.138820430264033
333,0.8467770299999999,16.631786573883815
332,0.8413325899999999,17.27682275077584
331,0.8365343199999999,17.848773130364197
330,0.8306559400000001,18.553960114891296
329,0.82407976,19.348795764060224
328,0.81808515,20.078885244241217
327,0.810895,20.961670303904317
326,0.8028244800000001,21.96191692513217
325,0.79524629,22.91034135633884
324,0.78669493,23.99147423098832
323,0.7772681300000001,25.19699044870761
322,0.76814682,26.37743922304792
321,0.75781652,27.73139806880364
320,0.74602948,29.29901621328956
319,0.7341152700000001,30.908921910094584
318,0.72181995,32.597954792016026
317,0.7077543799999999,34.56581663833504
316,0.69347978,36.603319610508414
315,0.67872383,38.75409646467291
314,0.66252494,41.169707654730686
313,0.6463165200000001,43.64659261549231
312,0.62851534,46.43948439306752
311,0.60966142,49.48515250919277
310,0.59031269,52.71028994229404
309,0.56980186,56.24665926203927
308,0.54801924,60.14448831613941
307,0.52591691,64.26120445018027
306,0.5030197900000001,68.71257657199683
305,0.47965154,73.46953970488845
304,0.45569405,78.59336376331788
303,0.43178109,83.9836555283271
302,0.40727577,89.82647554172416
301,0.38204411,96.22192058376598
300,0.35645777,103.15395033673988
299,0.33033337,110.76529223212738
298,0.3047421999999999,118.82891056981023
297,0.27922654,127.57318553049888
296,0.2545265399999999,136.83501655209818
295,0.2305206799999999,146.7414702565515
294,0.20756184,157.23259596153582
293,0.1856495299999999,168.38946300078223
292,0.16457207,180.44066892197648
291,0.14459912,193.37900550297945
290,0.12559034,207.47299387338535
289,0.10776035,222.7845498926877
288,0.09162347,239.0067817414061
287,0.0768947,256.53183255218806
286,0.06385322,275.1168267078228
285,0.0525520799999999,294.5950601091404
284,0.04261235,315.561116161818
283,0.03428599,337.3018463061126
282,0.02705212,360.9989903378055
281,0.0210222,386.21762567835896
280,0.01601412,413.4284445916533
279,0.01192387,442.92130056074944
278,0.00867474,474.7339924779915
277,0.00626299,507.3097572119044
276,0.00437431,543.2006485896479
275,0.00300174,580.8563158449018
274,0.002042,619.3825559239663
273,0.00139026,657.8264498971562
272,0.00084652,707.4376729972022
271,0.00058461,744.4565599720121
270,0.00032134,804.3010805349084
269,0.00020441,849.5382777152388
268,0.00011474,907.2841858790548
267,8.52e-05,937.0509124129004
266,2.27e-06,1299.5730726470963
265,4.771e-05,995.0369538436256
264,1.023e-05,1149.0185978000738
263,1.137e-05,1138.4532250201828
262,3.41e-06,1258.8798266668848
261,1.14e-06,1368.448229555787
260,2.161e-05,1074.2354387445478
259,3.299e-05,1031.9306072723784
258,2.049e-05,1079.5573595713463
257,1.367e-05,1120.0306907228417
256,2.28e-06,1299.1335114997926
255,2.167e-05,1073.9581742416008
254,1.5969999999999998e-05,1104.4798595737352
253,2.283e-05,1068.743509742257
252,2.056e-05,1079.216311737731
251,1.14e-06,1368.448229555787
250,1.029e-05,1148.4338008118316
249,1.831e-05,1090.8063199277856
248,1.144e-05,1137.839457201262
247,3.892e-05,1015.400230064647
246,2.289e-05,1068.48104239998
245,1.374e-05,1119.519927117007
244,2.0600000000000003e-05,1079.021948216874
243,3.09e-05,1038.4754374060574
242,8.01e-06,1173.4819796884003
241,4.343e-05,1004.4360111417544
240,3.883e-05,1015.6317414220698
239,3.424e-05,1028.2116006690733
238,5.132e-05,987.7430018216838
237,6.836e-05,959.0722699716885
236,3.3010000000000004e-05,1031.8700012099173
235,7.960999999999999e-05,943.8370844863788
234,7.504e-05,949.7489253266306
233,5.569e-05,979.5709960362695
232,7.274e-05,952.861911840543
231,9.211e-05,929.252704296413
230,5.685e-05,977.5094337767728
229,9.559e-05,925.5442345888604
228,8.885e-05,932.8561003363614
227,7.071e-05,955.6923552348125
226,7.995e-05,943.4109118684312
225,8.348e-05,939.0903475755276
224,5.611e-05,978.8196508201391
223,0.00010093,920.1083350713508
222,7.812e-05,945.7264451955796
221,5.7520000000000005e-05,976.3377844551484
220,6.802e-05,959.5708778385224
219,7.505000000000001e-05,949.7355999884804
218,4.162e-05,1008.6929736998784
217,7.99e-05,943.4734705192044
216,6.378e-05,966.0070896382364
215,4.297e-05,1005.5008360177368
214,3.953e-05,1013.845068065568
213,5.936e-05,973.1889959105148
212,2.68e-05,1052.7108670447462
211,5.7140000000000005e-05,977.0006161161646
210,3.618e-05,1022.7004077997124
209,2.22e-05,1071.541826908604
208,3.625e-05,1022.507117666359
207,3.159e-05,1036.266994315028
206,5.85e-06,1204.906889672051
205,4.215e-05,1007.4275873516408
204,3.28e-05,1032.5082042574174
203,1.055e-05,1145.9384698042195
202,3.169e-05,1035.9509384261444
201,2.937e-05,1043.5536812753746
200,0.0,inf
